{"cameraMode":{"drawMode":0,"name":"Shaded","section":"Shading Mode"},"sceneLighting":true,"audioPlay":false,"sceneViewState":{"m_AlwaysRefresh":false,"showFog":true,"showSkybox":true,"showFlares":true,"showImageEffects":true,"showParticleSystems":true,"showVisualEffectGraphs":true,"m_FxEnabled":true},"in2DMode":false,"pivot":{"x":16.21849250793457,"y":-15.824983596801758,"z":5.2217864990234379},"rotation":{"x":0.3087697923183441,"y":0.36093220114707949,"z":-0.12800385057926179,"w":0.8706371784210205},"size":19.35282325744629,"orthographic":false}